{
  "name": "Steven Russell Soloway",
  "info": {},
  "meta": {
    "format": "FRESH@0.6.0",
    "version": "0.1.0"
  },
  "location": {
    "city": "New York",
    "region": "New York",
    "country": "US",
    "code": "10011",
    "address": "44 West 14th Street 2B"
  },
  "employment": {
    "history": [
      {
        "position": "Data Science Consultant",
        "employer": "Slalom",
        "summary": "Directly responsible for fostering business-to-business relationships through delivery of data science oriented consulting services. Additional roles include participating as an integral member of the team recruiting and interviewing Data Scientist candidates, contributing to the development of the company's summer internship program, and mentoring the growing team of Data Science consultants.",
        "current": true,
        "start": "2016-03",
        "url": "https://www.slalom.com",
        "keywords": [],
        "highlights": [
          "Sales Forecasting: Sourced and lead engagement forecasting product level sales for a Learning Science technology company in advance of their IPO. Project is sponsored by client Company's CFO, and its success served as a catalyst for long term business relationship between Slalom and the Company.",
          "Trend Analysis: Leveraged external API's to integrate trend data into an educational publishing company's Enterprise Data Warehouse, enabling the development of analytics leading to data driven decisionmaking around advertisement spending, product placement, and supply chain management.",
          "Clienteling Project: Managed Project for a leading worldwide retail organization evaluating the historical return on investment and expected future benefit of a digital clienteling implementation. Results of the analysis were used as the basis for expanding the clienteling solution into organization's Asia-Pacific business.",
          "Contributed to the development of a food recipe recommendation application as part of Slalom's ML hackathon.",
          "Conducted roughly 50 interviews for data science consultant candidates, and engaged as mentor to the most recent (4) hires."
        ]
      },
      {
        "position": "Principal Data Scientist",
        "employer": "Melinae",
        "summary": "",
        "start": "2013-08",
        "end": "2016-03",
        "url": "http://www.melinae.com",
        "keywords": [],
        "highlights": [
          "Retail Site Selection: Created an automated geographical revenue forecasting platform for an international hypermarket chain. The platform has transformed into operational analytics services, and remains embedded as a key component of the company’s growth pipeline for new stores and potential acquisitions.",
          "Elasticity Modeling: Designed an algorithm to predict customer-level price elasticity for a privately owned toll road. Electronic Transponder data used for prediction was in excess of 10 terabytes. Results of the analysis were integral in the pricing strategy for the next year.",
          "Due Diligence: Used machine learning and external 'nontraditional' data sourcing to provide an alternate valuation methodology for potential acquisitions by a private equity company.",
          "Managed a team of scientists and developers for nearly all technical client assignments."
        ]
      },
      {
        "position": "Research Fellow",
        "employer": "Institute for Policy Integrity",
        "summary": "Coinvestigated an interdisciplinary (Law, Epidemiology, Economics) grant funded research project estimating healthcare cost savings due to a broad-based price driven switch from oil to natural gas fired power generation in New York City.",
        "start": "2010-06",
        "end": "2013-08",
        "url": "http://www.policyintegrity.org",
        "keywords": []
      }
    ]
  },
  "education": {
    "level": "",
    "history": [
      {
        "institution": "Hunter College",
        "start": "2010-08",
        "end": "2013-05",
        "summary": "",
        "area": "Economics",
        "studyType": "Masters"
      },
      {
        "institution": "Vanderbilt University",
        "start": "2005-08",
        "end": "2009-05",
        "summary": "",
        "area": "Economics",
        "studyType": "Bachelors"
      }
    ]
  },
  "skills": {
    "sets": [
      {
        "name": "Statistical Programming",
        "skills": [
          "CRAN ML Libraries",
          "scikit-learn",
          "Keras",
          "Edward",
          "Tensorflow",
          "Stan"
        ]
      },
      {
        "name": "Data Exploration",
        "skills": [
          "dplyr + tidyr + purrr",
          "Pandas",
          "beautifulsoup",
          "Bokeh",
          "plotly",
          "ggplot2"
        ]
      },
      {
        "name": "Reproducibility",
        "skills": [
          "Cloud VPS",
          "Git",
          "Bash Scripting",
          "Containerized Development",
          "Serverless Deployment"
        ]
      },
      {
        "name": "Database",
        "skills": [
          "Postgres/BigQuery/Redshift",
          "Mongo/BigTable/Dynamo",
          "PostGIS",
          "Spark",
          "Hive"
        ]
      }
    ]
  },
  "writing": [
    {
      "title": "The Environmental Impacts of Fuel Switching Electricity Generators",
      "publisher": " Volume 37, Number 4: IAEE's Energy Economics Journal",
      "url": "http://dx.doi.org/10.5547/01956574.37.4.jhol",
      "date": "2016-09-01",
      "summary": "We examine the environmental and policy impacts of switching from oil-fired to natural gas-fired generation in New York City (NYC). We create an hourly panel of the fuel use of NYC's generators and use a semi-parametric approach to identify the fuel-price spread that induces the switch from oil to gas. We find that NYC's pollution emissions decrease significantly after generators switch to natural gas. Around two-thirds of these emission reductions come from reduced emission intensity within plants, while the remaining third comes from less intense dispatch of oil fired generators. To illustrate the policy impact, we simulate the introduction of a real time pricing (RTP) program in NYC. The results suggest that the environmental benefits of the RTP decreased by nearly 30% due largely to fuel switching. While we focus on RTP, these results can be used to evaluate any energy policy that has a heterogeneous impact across time or the demand profile."
    },
    {
      "title": "Peak Efficiency",
      "publisher": "Policy Integrity Policy Brief",
      "url": "http://policyintegrity.org/publications/detail/peak-efficiency",
      "date": "2012-10-01",
      "summary": "This policy brief discusses an on-going inter-disciplinary study to measure whether laws that reshape local electricity demand can achieve significant health benefits in New York City."
    },
    {
      "title": "Consumer Surplus & Net Neutrality",
      "publisher": "Policy Integrity Policy Brief",
      "url": "http://policyintegrity.org/publications/detail/internet-benefits1",
      "date": "2011-10-03",
      "summary": "This policy brief describes how a weakening of the principle of network neutrality might impact the Web. Based on an analysis of Internet usage, it finds that Internet infrastructure and content work together to generate huge economic benefits for consumers—possibly as much as $5,686 per user, per year."
    }
  ],
  "recognition": [
    {
      "title": "Posse Scholar",
      "date": "2005-01",
      "from": "The Posse Foundation",
      "summary": "Full Tuition Scholarship awarded to attend Vanderbilt University as an undergraduate"
    }
  ],
  "social": [
    {
      "label": "LinkedIn",
      "network": "LinkedIn",
      "url": "https://linkedin.com/in/stevenrsoloway",
      "user": "stevenrsoloway"
    }
  ]
}